RunAcc,Strain,BioSample,Center,Experiment,Project,Organism
SRR1292218,San_Joaquin_Valley_2,SAMN02786844,TGEN-NORTH,SRX547019,PRJNA245906,Coccidioides immitis
SRR1292219,San_Joaquin_Valley_5,SAMN02786845,TGEN-NORTH,SRX547020,PRJNA245906,Coccidioides immitis
SRR1292220,San_Joaquin_Valley_6,SAMN02786846,TGEN-NORTH,SRX547021,PRJNA245906,Coccidioides immitis
SRR1292221,San_Joaquin_Valley_9,SAMN02786847,TGEN-NORTH,SRX547022,PRJNA245906,Coccidioides immitis
SRR1292222,San_Joaquin_Valley_11,SAMN02786848,TGEN-NORTH,SRX547023,PRJNA245906,Coccidioides immitis
SRR1292223,San_Diego_1.1,SAMN02786849,TGEN-NORTH,SRX547024,PRJNA245906,Coccidioides immitis
SRR1292224,Washington_1,SAMN02786850,TGEN-NORTH,SRX547025,PRJNA245906,Coccidioides immitis
SRR1292225,WA_202,SAMN02786851,TGEN-NORTH,SRX547026,PRJNA245906,Coccidioides immitis
SRR1292226,WA_205,SAMN02786852,TGEN-NORTH,SRX547027,PRJNA245906,Coccidioides immitis
SRR1292227,WA_211,SAMN02786853,TGEN-NORTH,SRX547028,PRJNA245906,Coccidioides immitis
SRR1292228,WA_212,SAMN02786854,TGEN-NORTH,SRX547029,PRJNA245906,Coccidioides immitis
SRR3468015,SJV_1,SAMN04901223,TGEN NORTH,SRX1737465,PRJNA274372,Coccidioides immitis
SRR3468016,SJV_2,SAMN04901224,TGEN NORTH,SRX1737466,PRJNA274372,Coccidioides immitis
SRR3468017,SJV_11,SAMN04901233,TGEN NORTH,SRX1737467,PRJNA274372,Coccidioides immitis
SRR3468018,Guerrero_1,SAMN04901234,TGEN NORTH,SRX1737468,PRJNA274372,Coccidioides immitis
SRR3468019,San_Diego_1.2,SAMN04901235,TGEN NORTH,SRX1737469,PRJNA274372,Coccidioides immitis
SRR3468020,Michoacan_2,SAMN04901236,TGEN NORTH,SRX1737470,PRJNA274372,Coccidioides immitis
SRR3468021,Coahuila_1,SAMN04901237,TGEN NORTH,SRX1737471,PRJNA274372,Coccidioides immitis
SRR3468022,B0727_Argentina,SAMN04901238,TGEN NORTH,SRX1737472,PRJNA274372,Coccidioides immitis
SRR3468027,SJV_3,SAMN04901225,TGEN NORTH,SRX1737477,PRJNA274372,Coccidioides immitis
SRR3468038,SJV_4,SAMN04901226,TGEN NORTH,SRX1737488,PRJNA274372,Coccidioides immitis
SRR3468049,SJV_5,SAMN04901227,TGEN NORTH,SRX1737499,PRJNA274372,Coccidioides immitis
SRR3468060,SJV_6,SAMN04901228,TGEN NORTH,SRX1737510,PRJNA274372,Coccidioides immitis
SRR3468071,SJV_7,SAMN04901229,TGEN NORTH,SRX1737521,PRJNA274372,Coccidioides immitis
SRR3468079,SJV_8,SAMN04901230,TGEN NORTH,SRX1737529,PRJNA274372,Coccidioides immitis
SRR3468080,SJV_9,SAMN04901231,TGEN NORTH,SRX1737530,PRJNA274372,Coccidioides immitis
SRR3468081,SJV_10,SAMN04901232,TGEN NORTH,SRX1737531,PRJNA274372,Coccidioides immitis
Coccidioides_spp_CA14_TACCGAGC-TACCGAGC_L003,CA14,,TGEN-NORTH,,,Coccidioides immitis
Coccidioides_spp_CA1_CGATGTTT-CGATGTTT_L003,CA1,,TGEN-NORTH,,,Coccidioides immitis
Coccidioides_spp_CA20_GTGTGTCG-GTGTGTCG_L004,CA20,,TGEN-NORTH,,,Coccidioides immitis
Coccidioides_spp_CA22_GCAACATT-GCAACATT_L008,CA22,,TGEN-NORTH,,,Coccidioides immitis
Coccidioides_spp_CA26_TGTTCTCC-TGTTCTCC_L002,CA26,,TGEN-NORTH,,,Coccidioides immitis
Coccidioides_spp_CA28_GCATGGCT-GCATGGCT_L005,CA28,,TGEN-NORTH,,,Coccidioides immitis
Coccidioides_spp_CA2_ACTTGATG-ACTTGATG_L003,CA2,,TGEN-NORTH,,,Coccidioides immitis
Coccidioides_spp_CA4_TCGTTAGC-TCGTTAGC_L005,CA4,,TGEN-NORTH,,,Coccidioides immitis
Coccidioides_spp_CA6_GTACATCT-GTACATCT_L007,CA6,,TGEN-NORTH,,,Coccidioides immitis
Coccidioides_spp_CA7_GATAGAGG-GATAGAGG_L006,CA7,,TGEN-NORTH,,,Coccidioides immitis
Coccidioides_spp_GT-100_ACTTGATG-ACTTGATG_L004,GT-100,,TGEN-NORTH,,,Coccidioides immitis
Coccidioides_spp_GT-109_TGCGATCT-TAGTCTTG_L005,GT-109,,TGEN-NORTH,,,Coccidioides immitis
Coccidioides_spp_GT-117_TCTCACGG-TCTCACGG_L005,GT-117,,TGEN-NORTH,,,Coccidioides immitis
Coccidioides_spp_GT-118_TAGTCTTG-TGCGATCT_L007,GT-118,,TGEN-NORTH,,,Coccidioides immitis
Coccidioides_spp_GT-121_TAGTGACT-TCGAGCGT_L003,GT-121,,TGEN-NORTH,,,Coccidioides immitis
Coccidioides_spp_GT-122_TCAGATTC-TCAGATTC_L001,GT-122,,TGEN-NORTH,,,Coccidioides immitis
Coccidioides_spp_GT-123_TAAGTTCG-TAAGTTCG_L002,GT-123,,TGEN-NORTH,,,Coccidioides immitis
Coccidioides_spp_GT-127_TAAGCGTT-TAAGCGTT_L001,GT-127,,TGEN-NORTH,,,Coccidioides immitis
Coccidioides_spp_GT-129_GTTGTCGG-GTTGTCGG_L003,GT-129,,TGEN-NORTH,,,Coccidioides immitis
Coccidioides_spp_GT-133_TCATTGAG-TCATTGAG_L004,GT-133,,TGEN-NORTH,,,Coccidioides immitis
Coccidioides_spp_GT-146_TACTTCGG-TACTTCGG_L002,GT-146,,TGEN-NORTH,,,Coccidioides immitis
Coccidioides_spp_GT-147_TACAGGAT-TGATACGT_L002,GT-147,,TGEN-NORTH,,,Coccidioides immitis
Coccidioides_spp_GT-156_TCCGTCTT-TCCGTCTT_L001,GT-156,,TGEN-NORTH,,,Coccidioides immitis
COCSP-CA27-uu-CL-USA-xxxx-037-BB_S69_L004,CA27,,TGEN-NORTH,,,Coccidioides immitis
COCSP-GT104-uu-CL-USA-xxxx-037-BB_S54_L003,GT104,,TGEN-NORTH,,,Coccidioides immitis
COCSP-GT105-uu-CL-USA-xxxx-037-BB_S55_L003,GT105,,TGEN-NORTH,,,Coccidioides immitis
COCSP-GT108-uu-CL-USA-xxxx-037-BB_S93_L005,GT108,,TGEN-NORTH,,,Coccidioides immitis
COCSP-GT111-uu-CL-USA-xxxx-037-BB_S59_L003,GT111,,TGEN-NORTH,,,Coccidioides immitis
COCSP-GT114-uu-CL-USA-xxxx-037-BB_S22_L007,GT114,,TGEN-NORTH,,,Coccidioides immitis
COCSP-GT116-uu-CL-USA-xxxx-037-BB_S61_L004,GT116,,TGEN-NORTH,,,Coccidioides immitis
COCSP-GT125-uu-CL-USA-xxxx-037-BB_S95_L005,GT125,,TGEN-NORTH,,,Coccidioides immitis
COCSP-GT126-uu-CL-USA-xxxx-037-BB_S23_L007,GT126,,TGEN-NORTH,,,Coccidioides immitis
COCSP-GT128-uu-CL-USA-xxxx-037-BB_S62_L004,GT128,,TGEN-NORTH,,,Coccidioides immitis
COCSP-GT132-uu-CL-USA-xxxx-037-BB_S64_L004,GT132,,TGEN-NORTH,,,Coccidioides immitis
COCSP-GT140-uu-CL-USA-xxxx-037-BB_S24_L007,GT140,,TGEN-NORTH,,,Coccidioides immitis
NACVFR_Cocci_CA15_S1_L001,CA15,,TGEN-NORTH,,,Coccidioides immitis
NACVFR_Cocci_GT119_S76_L007,GT119,,TGEN-NORTH,,,Coccidioides immitis
NACVFR_Cocci_GT163_S88_L008,GT163,,TGEN-NORTH,,,Coccidioides immitis
NACVFR_Cocci_CA17_S11_L002,CA17,,TGEN-NORTH,,,Coccidioides immitis
NACVFR_Cocci_CA23_S64_L006,CA23,,TGEN-NORTH,,,Coccidioides immitis
NACVFR_Cocci_CA24_S2_L001,CA24,,TGEN-NORTH,,,Coccidioides immitis
NACVFR_Cocci_CA25_S51_L005,CA25,,TGEN-NORTH,,,Coccidioides immitis
NACVFR_Cocci_CA29_S12_L002,CA29,,TGEN-NORTH,,,Coccidioides immitis
NACVFR_Cocci_CA30_S41_L004,CA30,,TGEN-NORTH,,,Coccidioides immitis
NACVFR_Cocci_CA3_S24_L003,CA3,,TGEN-NORTH,,,Coccidioides immitis
NACVFR_Cocci_CA5_S13_L002,CA5,,TGEN-NORTH,,,Coccidioides immitis
NACVFR_Cocci_CA8_S14_L002,CA8,,TGEN-NORTH,,,Coccidioides immitis
NACVFR_Cocci_CA9_S65_L006,CA9,,TGEN-NORTH,,,Coccidioides immitis
NACVFR_Cocci_GT107_S26_L003,GT107,,TGEN-NORTH,,,Coccidioides immitis
NACVFR_Cocci_GT110_S44_L004,GT110,,TGEN-NORTH,,,Coccidioides immitis
NACVFR_Cocci_GT113_S52_L005,GT113,,TGEN-NORTH,,,Coccidioides immitis
Coccidioides_spp_GT-169_GGATTAGG-GGATTAGG_L006,GT169,,TGEN-NORTH,,,Coccidioides immitis
COCSP-2006-xx-CL-USA-xxxx-038-BB_S39_L008,COCSP2006,,TGEN-NORTH,,,Coccidioides immitis
COCSP-3505-uu-CL-USA-xxxx-037-BB_S36_L007,COCSP3505,,TGEN-NORTH,,,Coccidioides immitis
COCSP-8945-xx-CL-USA-xxxx-037-xx_S17,8945,,TGEN-NORTH,,,Coccidioides immitis
COCSP-GT167-uu-CL-USA-xxxx-037-BB_S12_L006,GT167,,TGEN-NORTH,,,Coccidioides immitis
COCSP-h5384-uu-CL-USA-xxxx-037-BB_S28_L007,h5384,,TGEN-NORTH,,,Coccidioides immitis
COCSP-M204-xx-CL-MEX-2015-037-xx_S39,M204,,TGEN-NORTH,,,Coccidioides immitis
COCSP-RS-xx-CL-USA-xxxx-037-BB_S40,RS,,TGEN-NORTH,,,Coccidioides immitis
COCSP-SDVA15-xx-xx-USA-0000-037-BB_S39,SDVA15,,TGEN-NORTH,,,Coccidioides immitis
COCSP-SDVA17-xx-xx-USA-0000-037-BB_S32,SDVA17,,TGEN-NORTH,,,Coccidioides immitis
COCSP-SDVA1-xx-xx-USA-0000-037-BB_S24,SDVA1,,TGEN-NORTH,,,Coccidioides immitis
COCSP-SDVA2-xx-xx-USA-0000-037-BB_S37,SDVA2,,TGEN-NORTH,,,Coccidioides immitis
COCSP-SDVA36-xx-xx-USA-0000-037-BB_S42,SDVA36,,TGEN-NORTH,,,Coccidioides immitis
COCSP-SDVA38-xx-xx-USA-0000-037-BB_S44,SDVA38,,TGEN-NORTH,,,Coccidioides immitis
COCSP-SDVA39-xx-xx-USA-0000-037-BB_S45,SDVA39,,TGEN-NORTH,,,Coccidioides immitis
COCSP-SDVA3-xx-xx-USA-0000-037-BB_S38,SDVA3,,TGEN-NORTH,,,Coccidioides immitis
COCSP-SDVA41-xx-xx-USA-0000-037-BB_S46,SDVA41,,TGEN-NORTH,,,Coccidioides immitis
COCSP-SDVA44-xx-xx-USA-0000-037-BB_S40,SDVA44,,TGEN-NORTH,,,Coccidioides immitis
COCSP-SDVA48-xx-xx-USA-0000-037-BB_S50,SDVA48,,TGEN-NORTH,,,Coccidioides immitis
COCSP-SDVA4-xx-xx-USA-0000-037-BB_S25,SDVA4,,TGEN-NORTH,,,Coccidioides immitis
COCSP-SDVA5-xx-xx-USA-0000-037-BB_S26,SDVA5,,TGEN-NORTH,,,Coccidioides immitis
COCSP-SDVA6-xx-xx-USA-0000-037-BB_S27,SDVA6,,TGEN-NORTH,,,Coccidioides immitis
COCSP-VFC0432008-uu-CL-USA-xxxx-037-BB_S72_L004,VFC0432008,,TGEN-NORTH,,,Coccidioides immitis
COCSP-VFC0522267-uu-CL-USA-xxxx-037-BB_S71_L004,VFC0522267,,TGEN-NORTH,,,Coccidioides immitis
NACVFR_Cocci_2395_S23_L003,NACVFR_2395,,TGEN-NORTH,,,Coccidioides immitis
NACVFR_Cocci_3377_S84_L008,NACVFR_3377,,TGEN-NORTH,,,Coccidioides immitis
NACVFR_Cocci_3474_S36_L004,NACVFR_474,,TGEN-NORTH,,,Coccidioides immitis
NACVFR_Cocci_3475_S59_L006,NACVFR_3475,,TGEN-NORTH,,,Coccidioides immitis
NACVFR_Cocci_3698_S38_L004,NACVFR_3698,,TGEN-NORTH,,,Coccidioides immitis
NACVFR_Cocci_3703_S39_L004,NACVFR_3703,,TGEN-NORTH,,,Coccidioides immitis
SRR3468024,Tucson_2,SAMN04901240,UArizona,,PRJNA274372,Coccidioides posadasii
SRR3468056,Phoenix_3,SAMN04901269,UArizona,,PRJNA274372,Coccidioides posadasii
SRR3468076,730332_Guatenala,SAMN04901287,UArizona,,PRJNA274372,Coccidioides posadasii
SRR3468032,Tucson_9,SAMN04901247,UArizona,,PRJNA274372,Coccidioides posadasii 
SRR3468053,Coahuila_2,SAMN04901266,UArizona,,PRJNA274372,Coccidioides posadasii
SRR6830888,JTORRES,SAMN08706848,UArizona,,PRJNA438145,Coccidioides posadasii
SRR8530937,B11034,SAMN09242015,CDC,,PRJNA472461,Coccidioides immitis
SRR8530936,B11019,SAMN09242016,CDC,,PRJNA472461,Coccidioides immitis
SRR8530933,B11035,SAMN09242017,CDC,,PRJNA472461,Coccidioides immitis
SRR7206606,B11080,SAMN09242018,CDC,,PRJNA472461,Coccidioides immitis
SRR8530934,B11198,SAMN09242019,CDC,,PRJNA472461,Coccidioides immitis
SRR8530935,B11517,SAMN09242021,CDC,,PRJNA472461,Coccidioides immitis
SRR7206604,B11518,SAMN09242022,CDC,,PRJNA472461,Coccidioides immitis
SRR7206605,B11587,SAMN09242023,CDC,,PRJNA472461,Coccidioides immitis
SRR7206602,B11863,SAMN09242024,CDC,,PRJNA472461,Coccidioides immitis
SRR7206603,B11873,SAMN09242025,CDC,,PRJNA472461,Coccidioides immitis
SRR7206600,B12398,SAMN09242026,CDC,,PRJNA472461,Coccidioides immitis
SRR7206601,B12495,SAMN09242027,CDC,,PRJNA472461,Coccidioides immitis
SRR7206598,B12496,SAMN09242028,CDC,,PRJNA472461,Coccidioides immitis
SRR7206599,B13956,SAMN09242029,CDC,,PRJNA472461,Coccidioides immitis
SRR21204731,A391,SAMN30501238,CDC,,PRJNA808058,Coccidioides immitis
SRR21204720,A432,SAMN30501239,CDC,,PRJNA808058,Coccidioides immitis
SRR21204709,A502-1,SAMN30501240,CDC,,PRJNA808058,Coccidioides immitis
SRR21204698,A502-2,SAMN30501241,CDC,,PRJNA808058,Coccidioides immitis
SRR21204687,B11057,SAMN30501242,CDC,,PRJNA808058,Coccidioides immitis
SRR21204724,B12219,SAMN30501253,CDC,,PRJNA808058,Coccidioides immitis
SRR21204723,B12220,SAMN30501254,CDC,,PRJNA808058,Coccidioides immitis
SRR21204713,B12526,SAMN30501263,CDC,,PRJNA808058,Coccidioides immitis
SRR21204705,B14131,SAMN30501270,CDC,,PRJNA808058,Coccidioides immitis
SRR21204704,B14132,SAMN30501271,CDC,,PRJNA808058,Coccidioides immitis
SRR21204701,B14135,SAMN30501274,CDC,,PRJNA808058,Coccidioides immitis
SRR21204700,B14286,SAMN30501275,CDC,,PRJNA808058,Coccidioides immitis
SRR21204699,B14288,SAMN30501276,CDC,,PRJNA808058,Coccidioides immitis
SRR21204697,B14291,SAMN30501277,CDC,,PRJNA808058,Coccidioides immitis
SRR21204695,B14298,SAMN30501279,CDC,,PRJNA808058,Coccidioides immitis
SRR21204694,B15142,SAMN30501280,CDC,,PRJNA808058,Coccidioides immitis
SRR21204693,B15145,SAMN30501281,CDC,,PRJNA808058,Coccidioides immitis
SRR21204692,B15146,SAMN30501282,CDC,,PRJNA808058,Coccidioides immitis
SRR21204691,B15257,SAMN30501283,CDC,,PRJNA808058,Coccidioides immitis
SRR21204690,B15317,SAMN30501284,CDC,,PRJNA808058,Coccidioides immitis
SRR21204689,B15368,SAMN30501285,CDC,,PRJNA808058,Coccidioides immitis
SRR21204684,B16338,SAMN30501289,CDC,,PRJNA808058,Coccidioides immitis
SRR21204683,B16339,SAMN30501290,CDC,,PRJNA808058,Coccidioides immitis
SRR21204682,B16364,SAMN30501291,CDC,,PRJNA808058,Coccidioides immitis
SRR21204680,B16536,SAMN30501293,CDC,,PRJNA808058,Coccidioides immitis
SRR21204679,B16692,SAMN30501294,CDC,,PRJNA808058,Coccidioides immitis
SRR21204677,B17554,SAMN30501296,CDC,,PRJNA808058,Coccidioides immitis
SRR21204675,B17567,SAMN30501297,CDC,,PRJNA808058,Coccidioides immitis
SRR21204674,B17635,SAMN30501298,CDC,,PRJNA808058,Coccidioides immitis
SRR21295067,B11002,SAMN30559916,CDC,,PRJNA808058,Coccidioides immitis
SRR21295063,B11343,SAMN30559920,CDC,,PRJNA808058,Coccidioides immitis
